Department,Avg_Salary,Total_Salary,Employee_Count
Finance,64714.28571428572,906000,14
HR,51600.0,516000,10
IT,81333.33333333333,1220000,15
Sales,60272.72727272727,663000,11
